{
 "ours_30000": {
  "SSIM": {
   "00003.png": 0.6845160722732544,
   "00000.png": 0.6842407584190369,
   "00008.png": 0.5975461006164551,
   "00006.png": 0.6229660511016846,
   "00004.png": 0.6337227821350098,
   "00012.png": 0.6258382201194763,
   "00007.png": 0.6411288380622864,
   "00002.png": 0.6597169637680054,
   "00015.png": 0.6507290601730347,
   "00011.png": 0.8767768144607544,
   "00010.png": 0.8711109757423401,
   "00009.png": 0.8834605813026428,
   "00013.png": 0.6445704102516174,
   "00001.png": 0.664547324180603,
   "00005.png": 0.6615815162658691,
   "00014.png": 0.599805474281311
  },
  "PSNR": {
   "00003.png": 26.101734161376953,
   "00000.png": 26.843128204345703,
   "00008.png": 19.435094833374023,
   "00006.png": 20.410451889038086,
   "00004.png": 23.852615356445312,
   "00012.png": 22.363513946533203,
   "00007.png": 22.416061401367188,
   "00002.png": 24.59345054626465,
   "00015.png": 21.99130630493164,
   "00011.png": 25.360553741455078,
   "00010.png": 26.90199089050293,
   "00009.png": 27.528486251831055,
   "00013.png": 22.669422149658203,
   "00001.png": 25.74201774597168,
   "00005.png": 24.865596771240234,
   "00014.png": 18.69491958618164
  },
  "LPIPS": {
   "00003.png": 0.3822021782398224,
   "00000.png": 0.33577871322631836,
   "00008.png": 0.4117678999900818,
   "00006.png": 0.40976017713546753,
   "00004.png": 0.3910031020641327,
   "00012.png": 0.4060611426830292,
   "00007.png": 0.3599244952201843,
   "00002.png": 0.3952551782131195,
   "00015.png": 0.35942381620407104,
   "00011.png": 0.19541147351264954,
   "00010.png": 0.19914692640304565,
   "00009.png": 0.18934442102909088,
   "00013.png": 0.3679026961326599,
   "00001.png": 0.369390070438385,
   "00005.png": 0.38756972551345825,
   "00014.png": 0.41460174322128296
  }
 }
}