{
 "ours_30000": {
  "SSIM": 0.6876411437988281,
  "PSNR": 23.735645294189453,
  "LPIPS": 0.348408967256546
 }
}