{
 "ours_30000": {
  "SSIM": {
   "00003.png": 0.9668024182319641,
   "00000.png": 0.9211686253547668,
   "00008.png": 0.9748885631561279,
   "00006.png": 0.9695327877998352,
   "00004.png": 0.9132747054100037,
   "00007.png": 0.970866858959198,
   "00002.png": 0.9333833456039429,
   "00001.png": 0.95321124792099,
   "00005.png": 0.9361258745193481
  },
  "PSNR": {
   "00003.png": 35.933677673339844,
   "00000.png": 27.633161544799805,
   "00008.png": 40.00386047363281,
   "00006.png": 36.91852951049805,
   "00004.png": 28.811748504638672,
   "00007.png": 36.870262145996094,
   "00002.png": 25.654033660888672,
   "00001.png": 32.60865020751953,
   "00005.png": 31.29911231994629
  },
  "LPIPS": {
   "00003.png": 0.058584216982126236,
   "00000.png": 0.1079743430018425,
   "00008.png": 0.042690761387348175,
   "00006.png": 0.058379314839839935,
   "00004.png": 0.13492371141910553,
   "00007.png": 0.0540567971765995,
   "00002.png": 0.10702607035636902,
   "00001.png": 0.0696319043636322,
   "00005.png": 0.09099406003952026
  }
 }
}