{
 "ours_30000": {
  "SSIM": 0.9488060474395752,
  "PSNR": 32.85922622680664,
  "LPIPS": 0.08047347515821457
 }
}